Bật đèn,light
Bật đèn phòng ngủ,light
Bật đèn phòng khách,light
Bật đèn trong nhà,light
Bật đèn phòng trong,light
Bật đèn phòng ngoài,light
Bật đèn gian trong,light
Bật đèn gian ngoài,light
Bật đèn các phòng,light
Bật tất cả các đèn,light
Bật đèn cả nhà,light
Bật đèn nhà tắm,light
Bật đèn phòng tắm,light
Bật đèn để học,light
Bật đèn phòng học,light
Bật đèn cho sáng,light
Bật đèn làm việc,light
Bật đèn ăn cơm,light
Bật hết đèn,light
Bật đèn phòng tắm lên cho sáng,light
Bật đèn ăn cơm cho dễ,light
Bật hết đèn cho sáng,light
Bật đèn để làm việc,light
Bật đèn sáng cho dễ nhìn,light
Bật hết đèn cho sáng,light
Chuyển đèn phòng ngủ sang màu cam,light
Chuyển đèn phòng ngủ sang màu lục,light
Chuyển đèn phòng khách sang màu cam,light
Chuyển đèn phòng khách sang màu lục,light
Chuyển đèn phòng trong sang màu cam,light
Chuyển đèn phòng ngoài sang màu lục,light
Chuyển đèn phòng khách sang màu đỏ,light
Chuyển đèn phòng khách sang màu xanh,light
Chuyển đèn phòng ngủ sang màu đỏ,light
Chuyển đèn phòng ngủ sang màu xanh,light
Chuyển đèn phòng ăn sang màu đỏ,light
Chuyển đèn phòng tắm sang màu xanh,light
Chuyển đèn nhà tắm sang màu đỏ,light
Chuyển đèn phòng học sang màu xanh,light
Chuyển đèn học sang màu đỏ,light
Chuyển đèn làm việc sang màu xanh,light
Chuyển đèn hết sang màu trắng,light
Chuyển đèn phòng khách sang màu đỏ cho đẹp,light
Chuyển đèn phòng khách sang màu xanh cho đẹp,light
Chuyển đèn phòng ngủ sang màu đỏ cho đẹp,light
Chuyển đèn phòng ngủ sang màu xanh cho đẹp,light
Chuyển đèn phòng trong sang màu đỏ cho đẹp,light
Chuyển đèn phòng ngoài sang màu xanh cho đẹp,light
Chuyển đèn phòng tắm sang màu đỏ cho đẹp,light
Chuyển đèn gian ngoài sang màu xanh cho đẹp,light
Chuyển đèn học sang màu đỏ,light
Chuyển đèn làm việc sang màu xanh,light
Đổi đèn phòng ngủ sang màu đỏ,light
Đổi đèn phòng ngủ sang màu xanh,light
Đổi đèn phòng ngủ sang màu vàng,light
Đổi đèn phòng ngủ sang màu cam,light
Đổi đèn phòng ngủ sang màu lục,light
Đổi đèn phòng khách sang màu đỏ,light
Đổi đèn phòng khách sang màu xanh,light
Đổi đèn phòng khách sang màu vàng,light
Đổi đèn phòng khách sang màu cam,light
Đổi đèn phòng khách sang màu lục,light
Đổi đèn phòng khách sang màu xanh cho đẹp,light
Đổi đèn phòng khách sang màu vàng cho đẹp,light
Đổi đèn phòng khách sang màu cam cho đẹp,light
Đổi đèn phòng khách sang màu lục cho đẹp,light
Đổi đèn gian giữa sang màu đỏ,light
Đổi đèn gian giữa sang màu xanh,light
Đổi đèn gian giữa sang màu vàng,light
Đổi đèn gian giữa sang màu cam,light
Đổi đèn gian giữa sang màu lục,light
Đổi đèn phòng ngoài sang màu đỏ,light
Đổi đèn phòng ngoài sang màu xanh,light
Đổi đèn phòng ngoài sang màu vàng,light
Đổi đèn phòng ngoài sang màu cam,light
Đổi đèn phòng ngoài sang màu lục,light
Đổi đèn phòng ngoài sang màu xanh cho đẹp,light
Đổi đèn phòng ngoài sang màu vàng cho đẹp,light
Đổi đèn phòng ngoài sang màu cam cho đẹp,light
Đổi đèn phòng ngoài sang màu lục cho đẹp,light
Tắt đèn,light
Tắt đèn phòng khách,light
Tắt đèn phòng bên,light
Tắt đèn bên ngoài,light
Tắt đèn phòng trong,light
Tắt đèn các phòng,light
Tắt đèn mọi phòng,light
Tắt hết đèn,light
Tắt đèn gian ngoài,light
Tắt đèn phòng ngủ,light
Tắt đèn trong nhà,light
Tắt đèn cả nhà,light
Tắt đèn giữa nhà,light
Tắt đèn phòng tắm,light
Tắt đèn cho mát,light
Tắt hết đèn cho dễ chịu,light
Tắt đèn đi,light
Tắt đèn để ngủ,light
Tắt đèn đi ngủ,light
Tắt đèn cho dịu mắt,light
Tắt hết đèn cho tối,light
Tắt đèn đi chơi,light
Tắt đèn rồi ra ngoài chơi,light
Tắt hết đèn rồi ngủ,light
Tắt các đèn đang sáng,light
Mở cửa ra,door
Mở cửa ra cho sáng,door
Mở cửa nhé,door
Mở cửa thôi,door
Mở cửa đi,door
Mở cửa ra đi cho thoáng đãng,door
Mở cửa ra cho sáng và sạch,door
Mở cửa nhỉ,door
Mở cửa thôi nào,door
Mở cửa đi nào,door
Vừng ơi mở ra,door
Mở cửa ra đi chơi,door
Mở cửa ra ngoài,door
Vừng ơi mở cửa ra,door
Mở cửa ra nào,door
Mở cửa ra nhé,door
Hãy mở cửa ra,door
Mở cửa,door
Đóng cửa,door
Đóng cửa mau,door
Đóng cửa đi,door
Đóng cửa nào,door
Đóng cửa nhé,door
Đóng cửa lại nhé,door
Đóng cửa lại,door
Đóng cửa nhỉ,door
Đóng cửa mau nhé,door
Đóng cửa đi nhỉ,door
Đóng cửa nào để cho ấm,door
Đóng cửa nhé cho ấm,door
Đóng cửa lại nhé cho yên tĩnh,door
Đóng cửa lại cho đỡ ồn,door
Đóng cửa lại cho ấm,door
Cần đóng cửa lại,door
Cần phải đóng cửa lại,door
Mau đóng cửa lại,door
Khép cửa lại,door
Khép cửa lại cho ấm,door
Khép cửa nè,door
Khép cửa lại mau,door
Khép cửa đi,door
Khép cửa nhé,door
Khép cửa lại cho đỡ ồn,door
Khép cửa lại cho yên tĩnh,door
Khép cửa nè cho an tâm,door
Khép cửa lại mau cho đỡ ồn,door
Khép cửa đi cho yên tĩnh,door
Khép cửa nhé cho an tâm,door
Nghe bài hát cơn mưa băng giá,music
Nghe bài hát mùa thu cho em,music
Nghe bài hát bước qua mùa hạ,music
Nghe bài hát thiên lý ơi,music
Nghe bài hát vào hạ,music
Nghe bài hát cơn mưa ngang qua,music
Nghe bài hát trái tim bên lề,music
Nghe bài hát địa đàng,music
Nghe bài hát cơn mưa tình yêu,music
Nghe bài hát bước qua nhau,music
Nghe bài hát những lời hứa bỏ quên,music
Nghe bài hát mùa xuân cho em,music
Nghe bài hát mùa thu cho ai,music
Nghe bài hát bước qua mùa thu,music
Nghe bài hát thiên lý đây,music
Nghe bài hát vào hạ rồi,music
Nghe bài hát cơn mưa đi qua,music
Nghe bài hát trái tim bên đường,music
Nghe bài hát ngày mai đây,music
Nghe bài hát cơn mưa mùa thu,music
Nghe bài hát bước qua anh,music
Nghe bài hát những lời hứa bỏ rơi,music
Nghe bài hát cơn mưa này,music
Nghe bài hát mùa thu cho anh,music
Nghe bài hát bước qua mùa xuân,music
Nghe bài hát thiên lý đây,music
Nghe bài hát vào xuân,music
Nghe bài hát cơn mưa đi qua đâu,music
Nghe bài hát trái tim bên này,music
Nghe bài hát địa đàng của tôi,music
Nghe bài hát cơn mưa tình em,music
Nghe bài hát bước qua em,music
Nghe bài hát những lời hứa,music
Nghe bài hát mùa xuân cho anh,music
Nghe bài hát mùa thu cho vợ,music
Nghe bài hát bước qua mùa thu đông,music
Nghe bài hát thiên lý đây,music
Nghe bài hát vào hạ rồi,music
Nghe bài hát cơn mưa đi qua,music
Nghe bài hát trái tim bên đường,music
Nghe bài hát ngày mai đây,music
Nghe bài hát cơn mưa mùa thu,music
Nghe bài hát bước qua anh,music
Nghe bài hát những lời hứa bỏ rơi,music
Mở bài hát giấc mơ trưa,music
Mở bài hát đi giữa trời rực rỡ,music
Mở bài hát bầu trời mới,music
Mở bài hát khó vẽ nụ cười,music
Mở bài hát suýt nữa thì,music
Mở bài hát thành phố phía đông,music
Mở bài hát chậm lại,music
Mở bài hát đừng làm trái tim anh đau,music
Mở bài hát gió đánh đò đưa,music
Mở bài hát âm thầm bên em,music
Mở bài hát bầu trời mới,music
Mở bài hát răng khôn,music
Mở bài hát mưa hồng,music
Mở bài hát anh là ai,music
Mở bài hát giấc mơ chiều,music
Mở bài hát đi giữa trời tốt đẹp,music
Mở bài hát bầu trời cũ,music
Mở bài hát khó vẽ anh,music
Mở bài hát suýt nữa thì sao,music
Mở bài hát thành phố phía tây,music
Mở bài hát chậm lại một chút,music
Mở bài hát đừng làm trái tim em đau,music
Mở bài hát gió đánh đò đưa nhanh,music
Mở bài hát âm thầm bên anh,music
Mở bài hát bầu trời xịn,music
Mở bài hát xuân đến,music
Mở bài hát mưa tím,music
Mở bài hát em là ai,music
Mở bài hát giấc mơ đêm,music
Mở bài hát đi giữa trời mưa,music
Mở bài hát bầu trời xịn,music
Mở bài hát khó vẽ em,music
Mở bài hát suýt nữa thì đây,music
Mở bài hát thành phố phía nam,music
Mở bài hát chậm lại nhiều chút,music
Mở bài hát đừng làm trái tim tôi đau,music
Mở bài hát gió đánh cành tre,music
Mở bài hát âm thầm bên ai,music
Mở bài hát bầu trời đây,music
Mở bài hát xuân đến xuân đi,music
Mở bài hát chiều tím,music
Mở bài hát tôi là ai,music
Mở bài hát thành phố phía bắc,music
Mở bài hát chậm lại đi em,music
Mở bài hát đừng làm trái tim tôi quên,music
Mở bài hát gió đánh cành đa,music
Mở bài hát âm thầm bên mình,music
Mở bài hát bầu trời xanh,music
Mở bài hát mùa thu đến,music
Mở bài hát thiên lý này,music
Mở bài hát đi chơi với em,music
Mở bài hát ngày mai trời đẹp,music
